season,player,school,position,first,second,third,points,source
2010,Cam Newton,Auburn,QB,729,24,28,2263,https://en.wikipedia.org/wiki/2010_NCAA_Division_I_FBS_football_season
2010,Andrew Luck,Stanford,QB,78,309,227,1079,https://en.wikipedia.org/wiki/2010_NCAA_Division_I_FBS_football_season
2010,LaMichael James,Oregon,RB,22,313,224,916,https://en.wikipedia.org/wiki/2010_NCAA_Division_I_FBS_football_season
2010,Kellen Moore,Boise State,QB,40,165,185,635,https://en.wikipedia.org/wiki/2010_NCAA_Division_I_FBS_football_season
2010,Justin Blackmon,Oklahoma State,WR,1,23,56,105,https://en.wikipedia.org/wiki/2010_NCAA_Division_I_FBS_football_season
2010,Denard Robinson,Michigan,QB,6,16,34,84,https://en.wikipedia.org/wiki/2010_NCAA_Division_I_FBS_football_season
2010,Ryan Mallett,Arkansas,QB,0,11,19,41,https://en.wikipedia.org/wiki/2010_NCAA_Division_I_FBS_football_season
2010,Colin Kaepernick,Nevada,QB,0,7,17,31,https://en.wikipedia.org/wiki/2010_NCAA_Division_I_FBS_football_season
2010,Andy Dalton,TCU,QB,4,3,12,30,https://en.wikipedia.org/wiki/2010_NCAA_Division_I_FBS_football_season
2010,Owen Marecic,Stanford,FB/LB,3,1,5,16,https://en.wikipedia.org/wiki/2010_NCAA_Division_I_FBS_football_season
2011,Robert Griffin III,Baylor,QB,405,168,136,1687,https://en.wikipedia.org/wiki/2011_NCAA_Division_I_FBS_football_season
2011,Andrew Luck,Stanford,QB,247,250,166,1407,https://en.wikipedia.org/wiki/2011_NCAA_Division_I_FBS_football_season
2011,Trent Richardson,Alabama,RB,138,207,150,978,https://en.wikipedia.org/wiki/2011_NCAA_Division_I_FBS_football_season
2011,Montee Ball,Wisconsin,RB,22,83,116,348,https://en.wikipedia.org/wiki/2011_NCAA_Division_I_FBS_football_season
2011,Tyrann Mathieu,LSU,CB,34,63,99,327,https://en.wikipedia.org/wiki/2011_NCAA_Division_I_FBS_football_season
2011,Matt Barkley,USC,QB,11,33,54,153,https://en.wikipedia.org/wiki/2011_NCAA_Division_I_FBS_football_season
2011,Case Keenum,Houston,QB,10,20,53,123,https://en.wikipedia.org/wiki/2011_NCAA_Division_I_FBS_football_season
2011,Kellen Moore,Boise State,QB,6,21,30,90,https://en.wikipedia.org/wiki/2011_NCAA_Division_I_FBS_football_season
2011,Russell Wilson,Wisconsin,QB,4,12,15,52,https://en.wikipedia.org/wiki/2011_NCAA_Division_I_FBS_football_season
2011,LaMichael James,Oregon,RB,5,12,9,48,https://en.wikipedia.org/wiki/2011_NCAA_Division_I_FBS_football_season
2012,Johnny Manziel,Texas A&M,QB,474,252,103,2029,https://en.wikipedia.org/wiki/2012_NCAA_Division_I_FBS_football_season
2012,Manti Te'o,Notre Dame,LB,321,309,126,1706,https://en.wikipedia.org/wiki/2012_NCAA_Division_I_FBS_football_season
2012,Collin Klein,Kansas State,QB,60,197,320,894,https://en.wikipedia.org/wiki/2012_NCAA_Division_I_FBS_football_season
2012,Marqise Lee,USC,WR,19,33,84,207,https://en.wikipedia.org/wiki/2012_NCAA_Division_I_FBS_football_season
2012,Braxton Miller,Ohio State,QB,3,29,77,144,https://en.wikipedia.org/wiki/2012_NCAA_Division_I_FBS_football_season
2012,Jadeveon Clowney,South Carolina,DE,4,13,23,61,https://en.wikipedia.org/wiki/2012_NCAA_Division_I_FBS_football_season
2012,Jordan Lynch,Northern Illinois,QB,3,8,27,52,https://en.wikipedia.org/wiki/2012_NCAA_Division_I_FBS_football_season
2012,Tavon Austin,West Virginia,WR,6,4,21,47,https://en.wikipedia.org/wiki/2012_NCAA_Division_I_FBS_football_season
2012,Kenjon Barner,Oregon,RB,1,12,15,42,https://en.wikipedia.org/wiki/2012_NCAA_Division_I_FBS_football_season
2012,Jarvis Jones,Georgia,LB,1,10,18,41,https://en.wikipedia.org/wiki/2012_NCAA_Division_I_FBS_football_season
2013,Jameis Winston,Florida State,QB,668,84,33,2205,https://en.wikipedia.org/wiki/2013_NCAA_Division_I_FBS_football_season
2013,A. J. McCarron,Alabama,QB,79,162,143,704,https://en.wikipedia.org/wiki/2013_NCAA_Division_I_FBS_football_season
2013,Jordan Lynch,Northern Illinois,QB,40,149,140,558,https://en.wikipedia.org/wiki/2013_NCAA_Division_I_FBS_football_season
2013,Andre Williams,Boston College,RB,29,127,129,470,https://en.wikipedia.org/wiki/2013_NCAA_Division_I_FBS_football_season
2013,Johnny Manziel,Texas A&M,QB,30,103,125,421,https://en.wikipedia.org/wiki/2013_NCAA_Division_I_FBS_football_season
2013,Tre Mason,Auburn,RB,31,121,69,404,https://en.wikipedia.org/wiki/2013_NCAA_Division_I_FBS_football_season
2013,Bryce Petty,Baylor,QB,4,40,35,127,https://en.wikipedia.org/wiki/2013_NCAA_Division_I_FBS_football_season
2013,Derek Carr,Fresno State,QB,6,23,43,107,https://en.wikipedia.org/wiki/2013_NCAA_Division_I_FBS_football_season
2013,Braxton Miller,Ohio State,QB,4,21,37,91,https://en.wikipedia.org/wiki/2013_NCAA_Division_I_FBS_football_season
2013,Ka'Deem Carey,Arizona,RB,2,14,36,70,https://en.wikipedia.org/wiki/2013_NCAA_Division_I_FBS_football_season
2014,Marcus Mariota,Oregon,QB,788,74,22,2534,https://en.wikipedia.org/wiki/2014_NCAA_Division_I_FBS_football_season
2014,Melvin Gordon,Wisconsin,RB,37,432,275,1250,https://en.wikipedia.org/wiki/2014_NCAA_Division_I_FBS_football_season
2014,Amari Cooper,Alabama,WR,49,280,316,1023,https://en.wikipedia.org/wiki/2014_NCAA_Division_I_FBS_football_season
2014,Trevone Boykin,TCU,QB,8,45,104,218,https://en.wikipedia.org/wiki/2014_NCAA_Division_I_FBS_football_season
2014,J. T. Barrett,Ohio State,QB,0,19,40,78,https://en.wikipedia.org/wiki/2014_NCAA_Division_I_FBS_football_season
2014,Jameis Winston,Florida State,QB,4,10,19,51,https://en.wikipedia.org/wiki/2014_NCAA_Division_I_FBS_football_season
2014,Tevin Coleman,Indiana,RB,2,8,22,44,https://en.wikipedia.org/wiki/2014_NCAA_Division_I_FBS_football_season
2014,Dak Prescott,Mississippi State,QB,2,4,28,42,https://en.wikipedia.org/wiki/2014_NCAA_Division_I_FBS_football_season
2014,Scooby Wright,Arizona,LB,0,4,13,21,https://en.wikipedia.org/wiki/2014_NCAA_Division_I_FBS_football_season
2014,Bryce Petty,Baylor,QB,1,3,4,13,https://en.wikipedia.org/wiki/2014_NCAA_Division_I_FBS_football_season
2015,Derrick Henry,Alabama,RB,378,277,144,1832,https://en.wikipedia.org/wiki/2015_NCAA_Division_I_FBS_football_season
2015,Christian McCaffrey,Stanford,RB,290,246,177,1539,https://en.wikipedia.org/wiki/2015_NCAA_Division_I_FBS_football_season
2015,Deshaun Watson,Clemson,QB,148,240,241,1165,https://en.wikipedia.org/wiki/2015_NCAA_Division_I_FBS_football_season
2015,Baker Mayfield,Oklahoma,QB,34,55,122,334,https://en.wikipedia.org/wiki/2015_NCAA_Division_I_FBS_football_season
2015,Keenan Reynolds,Navy,QB,20,17,86,180,https://en.wikipedia.org/wiki/2015_NCAA_Division_I_FBS_football_season
2015,Leonard Fournette,LSU,RB,10,25,30,110,https://en.wikipedia.org/wiki/2015_NCAA_Division_I_FBS_football_season
2015,Dalvin Cook,Florida State,RB,7,18,22,79,https://en.wikipedia.org/wiki/2015_NCAA_Division_I_FBS_football_season
2015,Ezekiel Elliott,Ohio State,RB,5,7,28,57,https://en.wikipedia.org/wiki/2015_NCAA_Division_I_FBS_football_season
2015,Connor Cook,Michigan State,QB,2,3,1,13,https://en.wikipedia.org/wiki/2015_NCAA_Division_I_FBS_football_season
2015,Trevone Boykin,TCU,QB,1,3,4,13,https://en.wikipedia.org/wiki/2015_NCAA_Division_I_FBS_football_season
2016,Lamar Jackson,Louisville,QB,526,251,64,2144,https://en.wikipedia.org/wiki/2016_NCAA_Division_I_FBS_football_season
2016,Deshaun Watson,Clemson,QB,269,302,113,1524,https://en.wikipedia.org/wiki/2016_NCAA_Division_I_FBS_football_season
2016,Baker Mayfield,Oklahoma,QB,26,72,139,361,https://en.wikipedia.org/wiki/2016_NCAA_Division_I_FBS_football_season
2016,Dede Westbrook,Oklahoma,WR,7,49,90,209,https://en.wikipedia.org/wiki/2016_NCAA_Division_I_FBS_football_season
2016,Jabrill Peppers,Michigan,LB,11,45,85,208,https://en.wikipedia.org/wiki/2016_NCAA_Division_I_FBS_football_season
2016,Jake Browning,Washington,QB,3,41,91,182,https://en.wikipedia.org/wiki/2016_NCAA_Division_I_FBS_football_season
2016,Jonathan Allen,Alabama,DE,17,21,39,132,https://en.wikipedia.org/wiki/2016_NCAA_Division_I_FBS_football_season
2016,D'Onta Foreman,Texas,RB,6,21,17,131,https://en.wikipedia.org/wiki/2016_NCAA_Division_I_FBS_football_season
2016,Christian McCaffrey,Stanford,RB,10,17,39,103,https://en.wikipedia.org/wiki/2016_NCAA_Division_I_FBS_football_season
2016,Dalvin Cook,Florida State,RB,3,15,28,67,https://en.wikipedia.org/wiki/2016_NCAA_Division_I_FBS_football_season
2016,Donnel Pumphrey,San Diego State,RB,4,12,31,67,https://en.wikipedia.org/wiki/2016_NCAA_Division_I_FBS_football_season
2017,Baker Mayfield,Oklahoma,QB,732,87,28,2398,https://en.wikipedia.org/wiki/2017_NCAA_Division_I_FBS_football_season
2017,Bryce Love,Stanford,RB,75,421,233,1300,https://en.wikipedia.org/wiki/2017_NCAA_Division_I_FBS_football_season
2017,Lamar Jackson,Louisville,QB,47,197,258,793,https://en.wikipedia.org/wiki/2017_NCAA_Division_I_FBS_football_season
2017,Saquon Barkley,Penn State,RB,15,73,113,304,https://en.wikipedia.org/wiki/2017_NCAA_Division_I_FBS_football_season
2017,Rashaad Penny,San Diego State,RB,7,37,80,175,https://en.wikipedia.org/wiki/2017_NCAA_Division_I_FBS_football_season
2017,Jonathan Taylor,Wisconsin,RB,2,7,38,58,https://en.wikipedia.org/wiki/2017_NCAA_Division_I_FBS_football_season
2017,Mason Rudolph,Oklahoma State,QB,2,14,22,56,https://en.wikipedia.org/wiki/2017_NCAA_Division_I_FBS_football_season
2017,McKenzie Milton,UCF,QB,4,11,20,54,https://en.wikipedia.org/wiki/2017_NCAA_Division_I_FBS_football_season
2017,Kerryon Johnson,Auburn,RB,0,14,17,45,https://en.wikipedia.org/wiki/2017_NCAA_Division_I_FBS_football_season
2017,Roquan Smith,Georgia,LB,3,11,7,38,https://en.wikipedia.org/wiki/2017_NCAA_Division_I_FBS_football_season
2018,Kyler Murray,Oklahoma,QB,517,278,60,2167,https://en.wikipedia.org/wiki/2018_NCAA_Division_I_FBS_football_season
2018,Tua Tagovailoa,Alabama,QB,299,431,122,1871,https://en.wikipedia.org/wiki/2018_NCAA_Division_I_FBS_football_season
2018,Dwayne Haskins,Ohio State,QB,46,111,423,783,https://en.wikipedia.org/wiki/2018_NCAA_Division_I_FBS_football_season
2018,Will Grier,West Virginia,QB,4,17,80,126,https://en.wikipedia.org/wiki/2018_NCAA_Division_I_FBS_football_season
2018,Gardner Minshew,Washington State,QB,6,15,74,122,https://en.wikipedia.org/wiki/2018_NCAA_Division_I_FBS_football_season
2018,McKenzie Milton,UCF,QB,4,4,19,39,https://en.wikipedia.org/wiki/2018_NCAA_Division_I_FBS_football_season
2018,Travis Etienne,Clemson,RB,0,6,17,29,https://en.wikipedia.org/wiki/2018_NCAA_Division_I_FBS_football_season
2018,Quinnen Williams,Alabama,DT,1,4,16,27,https://en.wikipedia.org/wiki/2018_NCAA_Division_I_FBS_football_season
2018,Jonathan Taylor,Wisconsin,RB,1,2,19,26,https://en.wikipedia.org/wiki/2018_NCAA_Division_I_FBS_football_season
2018,Darrell Henderson,Memphis,RB,0,3,15,21,https://en.wikipedia.org/wiki/2018_NCAA_Division_I_FBS_football_season
2019,Joe Burrow,LSU,QB,841,41,3,2608,https://en.wikipedia.org/wiki/2019_NCAA_Division_I_FBS_football_season
2019,Jalen Hurts,Oklahoma,QB,12,231,264,762,https://en.wikipedia.org/wiki/2019_NCAA_Division_I_FBS_football_season
2019,Justin Fields,Ohio State,QB,6,271,187,747,https://en.wikipedia.org/wiki/2019_NCAA_Division_I_FBS_football_season
2019,Chase Young,Ohio State,DE,20,205,173,643,https://en.wikipedia.org/wiki/2019_NCAA_Division_I_FBS_football_season
2019,Jonathan Taylor,Wisconsin,RB,6,44,83,189,https://en.wikipedia.org/wiki/2019_NCAA_Division_I_FBS_football_season
2019,J. K. Dobbins,Ohio State,RB,2,36,36,114,https://en.wikipedia.org/wiki/2019_NCAA_Division_I_FBS_football_season
2019,Trevor Lawrence,Clemson,QB,3,25,29,88,https://en.wikipedia.org/wiki/2019_NCAA_Division_I_FBS_football_season
2019,Chuba Hubbard,Oklahoma State,RB,0,11,46,68,https://en.wikipedia.org/wiki/2019_NCAA_Division_I_FBS_football_season
2019,Travis Etienne,Clemson,RB,0,7,11,25,https://en.wikipedia.org/wiki/2019_NCAA_Division_I_FBS_football_season
2019,Tua Tagovailoa,Alabama,QB,1,4,13,24,https://en.wikipedia.org/wiki/2019_NCAA_Division_I_FBS_football_season
2020,DeVonta Smith,Alabama,WR,447,221,73,1856,https://en.wikipedia.org/wiki/2020_NCAA_Division_I_FBS_football_season
2020,Trevor Lawrence,Clemson,QB,222,176,169,1187,https://en.wikipedia.org/wiki/2020_NCAA_Division_I_FBS_football_season
2020,Mac Jones,Alabama,QB,138,248,220,1130,https://en.wikipedia.org/wiki/2020_NCAA_Division_I_FBS_football_season
2020,Kyle Trask,Florida,QB,61,164,226,737,https://en.wikipedia.org/wiki/2020_NCAA_Division_I_FBS_football_season
2020,Najee Harris,Alabama,RB,16,47,74,216,https://en.wikipedia.org/wiki/2020_NCAA_Division_I_FBS_football_season
2020,Breece Hall,Iowa State,RB,6,10,26,64,https://en.wikipedia.org/wiki/2020_NCAA_Division_I_FBS_football_season
2020,Justin Fields,Ohio State,QB,5,6,21,48,https://en.wikipedia.org/wiki/2020_NCAA_Division_I_FBS_football_season
2020,Zach Wilson,BYU,QB,3,6,21,42,https://en.wikipedia.org/wiki/2020_NCAA_Division_I_FBS_football_season
2020,Ian Book,Notre Dame,QB,5,5,13,38,https://en.wikipedia.org/wiki/2020_NCAA_Division_I_FBS_football_season
2020,Kyle Pitts,Florida,TE,0,7,10,24,https://en.wikipedia.org/wiki/2020_NCAA_Division_I_FBS_football_season
2021,Bryce Young,Alabama,QB,684,107,45,2311,https://en.wikipedia.org/wiki/2021_NCAA_Division_I_FBS_football_season
2021,Aidan Hutchinson,Michigan,DE,78,273,174,954,https://en.wikipedia.org/wiki/2021_NCAA_Division_I_FBS_football_season
2021,Kenny Pickett,Pittsburgh,QB,28,175,197,631,https://en.wikipedia.org/wiki/2021_NCAA_Division_I_FBS_football_season
2021,C. J. Stroud,Ohio State,QB,12,118,127,399,https://en.wikipedia.org/wiki/2021_NCAA_Division_I_FBS_football_season
2021,Will Anderson Jr.,Alabama,LB,31,79,74,325,https://en.wikipedia.org/wiki/2021_NCAA_Division_I_FBS_football_season
2021,Kenneth Walker III,Michigan State,RB,18,53,85,245,https://en.wikipedia.org/wiki/2021_NCAA_Division_I_FBS_football_season
2021,Matt Corral,Ole Miss,QB,10,32,56,150,https://en.wikipedia.org/wiki/2021_NCAA_Division_I_FBS_football_season
2021,Desmond Ridder,Cincinnati,QB,5,15,36,81,https://en.wikipedia.org/wiki/2021_NCAA_Division_I_FBS_football_season
2021,Jordan Davis,Georgia,DT,9,15,18,75,https://en.wikipedia.org/wiki/2021_NCAA_Division_I_FBS_football_season
2021,Breece Hall,Iowa State,RB,0,5,7,17,https://en.wikipedia.org/wiki/2021_NCAA_Division_I_FBS_football_season
2022,Caleb Williams,USC,QB,544,168,63,2031,https://en.wikipedia.org/wiki/2022_NCAA_Division_I_FBS_football_season
2022,Max Duggan,TCU,QB,188,357,142,1420,https://en.wikipedia.org/wiki/2022_NCAA_Division_I_FBS_football_season
2022,C. J. Stroud,Ohio State,QB,37,119,190,539,https://en.wikipedia.org/wiki/2022_NCAA_Division_I_FBS_football_season
2022,Stetson Bennett,Georgia,QB,36,65,111,349,https://en.wikipedia.org/wiki/2022_NCAA_Division_I_FBS_football_season
2022,Hendon Hooker,Tennessee,QB,17,47,81,226,https://en.wikipedia.org/wiki/2022_NCAA_Division_I_FBS_football_season
2022,Bryce Young,Alabama,QB,17,28,34,141,https://en.wikipedia.org/wiki/2022_NCAA_Division_I_FBS_football_season
2022,Blake Corum,Michigan,RB,8,25,51,125,https://en.wikipedia.org/wiki/2022_NCAA_Division_I_FBS_football_season
2022,Michael Penix Jr.,Washington,QB,9,20,47,114,https://en.wikipedia.org/wiki/2022_NCAA_Division_I_FBS_football_season
2022,Bijan Robinson,Texas,RB,4,12,39,75,https://en.wikipedia.org/wiki/2022_NCAA_Division_I_FBS_football_season
2022,Drake Maye,North Carolina,QB,3,6,21,42,https://en.wikipedia.org/wiki/2022_NCAA_Division_I_FBS_football_season
2023,Jayden Daniels,LSU,QB,503,217,86,2029,https://en.wikipedia.org/wiki/2023_NCAA_Division_I_FBS_football_season
2023,Michael Penix Jr.,Washington,QB,292,341,143,1701,https://en.wikipedia.org/wiki/2023_NCAA_Division_I_FBS_football_season
2023,Bo Nix,Oregon,QB,51,205,322,885,https://en.wikipedia.org/wiki/2023_NCAA_Division_I_FBS_football_season
2023,Marvin Harrison Jr.,Ohio State,WR,20,78,136,352,https://en.wikipedia.org/wiki/2023_NCAA_Division_I_FBS_football_season
2023,Jordan Travis,Florida State,QB,8,19,23,85,https://en.wikipedia.org/wiki/2023_NCAA_Division_I_FBS_football_season
2023,Jalen Milroe,Alabama,QB,4,8,45,73,https://en.wikipedia.org/wiki/2023_NCAA_Division_I_FBS_football_season
2023,Ollie Gordon II,Oklahoma State,RB,1,2,24,31,https://en.wikipedia.org/wiki/2023_NCAA_Division_I_FBS_football_season
2023,Cody Schrader,Missouri,RB,1,2,22,29,https://en.wikipedia.org/wiki/2023_NCAA_Division_I_FBS_football_season
2023,Blake Corum,Michigan,RB,3,2,15,28,https://en.wikipedia.org/wiki/2023_NCAA_Division_I_FBS_football_season
2023,J. J. McCarthy,Michigan,QB,1,7,4,21,https://en.wikipedia.org/wiki/2023_NCAA_Division_I_FBS_football_season
2024,Travis Hunter,Colorado,WR/CB,552,261,53,2231,https://en.wikipedia.org/wiki/2024_NCAA_Division_I_FBS_football_season
2024,Ashton Jeanty,Boise State,RB,309,517,56,2017,https://en.wikipedia.org/wiki/2024_NCAA_Division_I_FBS_football_season
2024,Dillon Gabriel,Oregon,QB,24,52,340,516,https://en.wikipedia.org/wiki/2024_NCAA_Division_I_FBS_football_season
2024,Cam Ward,Miami (FL),QB,6,24,163,229,https://en.wikipedia.org/wiki/2024_NCAA_Division_I_FBS_football_season
2024,Cam Skattebo,Arizona State,RB,3,18,125,170,https://en.wikipedia.org/wiki/2024_NCAA_Division_I_FBS_football_season
2024,Bryson Daily,Army,QB,3,7,46,69,https://en.wikipedia.org/wiki/2024_NCAA_Division_I_FBS_football_season
2024,Tyler Warren,Penn State,TE,1,7,35,52,https://en.wikipedia.org/wiki/2024_NCAA_Division_I_FBS_football_season
2024,Shedeur Sanders,Colorado,QB,1,7,30,47,https://en.wikipedia.org/wiki/2024_NCAA_Division_I_FBS_football_season
2024,Kurtis Rourke,Indiana,QB,2,3,10,22,https://en.wikipedia.org/wiki/2024_NCAA_Division_I_FBS_football_season
2024,Kyle McCord,Syracuse,QB,0,1,7,9,https://en.wikipedia.org/wiki/2024_NCAA_Division_I_FBS_football_season
2025,Fernando Mendoza,Indiana,QB,643,191,51,2362,https://en.wikipedia.org/wiki/2025_NCAA_Division_I_FBS_football_season
2025,Diego Pavia,Vanderbilt,QB,189,352,164,1435,https://en.wikipedia.org/wiki/2025_NCAA_Division_I_FBS_football_season
2025,Jeremiyah Love,Notre Dame,RB,46,157,267,719,https://en.wikipedia.org/wiki/2025_NCAA_Division_I_FBS_football_season
2025,Julian Sayin,Ohio State,QB,8,118,172,432,https://en.wikipedia.org/wiki/2025_NCAA_Division_I_FBS_football_season
2025,Jacob Rodriguez,Texas Tech,LB,17,56,132,295,https://en.wikipedia.org/wiki/2025_NCAA_Division_I_FBS_football_season
2025,Jeremiah Smith,Ohio State,WR,4,18,36,84,https://en.wikipedia.org/wiki/2025_NCAA_Division_I_FBS_football_season
2025,Gunner Stockton,Georgia,QB,3,6,22,31,https://en.wikipedia.org/wiki/2025_NCAA_Division_I_FBS_football_season
2025,Trinidad Chambliss,Ole Miss,QB,2,5,7,14,https://en.wikipedia.org/wiki/2025_NCAA_Division_I_FBS_football_season
2025,Caleb Downs,Ohio State,S,2,3,10,15,https://en.wikipedia.org/wiki/2025_NCAA_Division_I_FBS_football_season
2025,Haynes King,Georgia Tech,QB,2,1,10,13,https://en.wikipedia.org/wiki/2025_NCAA_Division_I_FBS_football_season
